Country,Code,Currency,Decimals,Multiply price by,Suggested provider (CONFIRM),Notes,Apple App Store (subs),Google Play (subs),Standard price,Pro price,Pro+ price,Plan code - Standard,Plan code - Pro,Plan code - Pro+,Launch?
Nigeria,NG,NGN,2,100,"paystack, flutterwave","Paystack first, Flutterwave as backup",Y,Y,,,,,,,
Cote d'Ivoire (Ivory Coast),CI,XOF,0,1,"paystack, flutterwave","Paystack first, Flutterwave as backup",Y,Y,,,,,,,
Egypt,EG,EGP,2,100,"paystack, flutterwave","Paystack first, Flutterwave as backup",Y,Y,,,,,,,
Ghana,GH,GHS,2,100,"paystack, flutterwave","Paystack first, Flutterwave as backup",Y,Y,,,,,,,
Kenya,KE,KES,2,100,"paystack, flutterwave","Paystack first, Flutterwave as backup",Y,Y,,,,,,,
South Africa,ZA,ZAR,2,100,"paystack, flutterwave, stripe","Paystack first, Flutterwave as backup",Y,Y,,,,,,,
Angola,AO,AOA,2,100,flutterwave,,Y,N,,,,,,,
Benin,BJ,XOF,0,1,flutterwave,,Y,Y,,,,,,,
Botswana,BW,BWP,2,100,flutterwave,,Y,Y,,,,,,,
Burkina Faso,BF,XOF,0,1,flutterwave,,Y,N,,,,,,,
Cameroon,CM,XAF,0,1,flutterwave,,Y,N,,,,,,,
Congo (Democratic Republic),CD,CDF,2,100,flutterwave,,Y,Y,,,,,,,
Congo (Republic),CG,XAF,0,1,flutterwave,,Y,N,,,,,,,
Eswatini,SZ,SZL,2,100,flutterwave,,Y,Y,,,,,,,
Ethiopia,ET,ETB,2,100,flutterwave,,N,N,,,,,,,
Gabon,GA,XAF,0,1,flutterwave,,Y,N,,,,,,,
Gambia,GM,GMD,2,100,flutterwave,,Y,Y,,,,,,,
Guinea,GN,GNF,0,1,flutterwave,,N,Y,,,,,,,
Lesotho,LS,LSL,2,100,flutterwave,,N,Y,,,,,,,
Liberia,LR,LRD,2,100,flutterwave,,Y,Y,,,,,,,
Madagascar,MG,MGA,2,100,flutterwave,,Y,N,,,,,,,
Malawi,MW,MWK,2,100,flutterwave,,Y,Y,,,,,,,
Mali,ML,XOF,0,1,flutterwave,,Y,Y,,,,,,,
Mauritius,MU,MUR,2,100,flutterwave,,Y,Y,,,,,,,
Mozambique,MZ,MZN,2,100,flutterwave,,Y,Y,,,,,,,
Namibia,NA,NAD,2,100,flutterwave,,Y,Y,,,,,,,
Niger,NE,XOF,0,1,flutterwave,,N,Y,,,,,,,
Rwanda,RW,RWF,0,1,flutterwave,,Y,N,,,,,,,
Senegal,SN,XOF,0,1,flutterwave,,Y,N,,,,,,,
Seychelles,SC,SCR,2,100,flutterwave,,Y,Y,,,,,,,
Sierra Leone,SL,SLE,2,100,flutterwave,,Y,Y,,,,,,,
Tanzania,TZ,TZS,2,100,flutterwave,,Y,Y,,,,,,,
Togo,TG,XOF,0,1,flutterwave,,N,Y,,,,,,,
Uganda,UG,UGX,0,1,flutterwave,,Y,Y,,,,,,,
Zambia,ZM,ZMW,2,100,flutterwave,,Y,Y,,,,,,,
Zimbabwe,ZW,ZWG,2,100,flutterwave,,Y,Y,,,,,,,
Australia,AU,AUD,2,100,stripe,,Y,N,,,,,,,
Austria,AT,EUR,2,100,stripe,,Y,N,,,,,,,
Belgium,BE,EUR,2,100,stripe,,Y,Y,,,,,,,
Brazil,BR,BRL,2,100,stripe,,Y,N,,,,,,,
Bulgaria,BG,BGN,2,100,stripe,,Y,Y,,,,,,,
Canada,CA,CAD,2,100,stripe,,Y,Y,,,,,,,
Croatia,HR,EUR,2,100,stripe,,Y,Y,,,,,,,
Cyprus,CY,EUR,2,100,stripe,,Y,Y,,,,,,,
Czechia (Czech Republic),CZ,CZK,2,100,stripe,,Y,Y,,,,,,,
Denmark,DK,DKK,2,100,stripe,,Y,Y,,,,,,,
Estonia,EE,EUR,2,100,stripe,,Y,Y,,,,,,,
Finland,FI,EUR,2,100,stripe,,Y,Y,,,,,,,
France,FR,EUR,2,100,stripe,,Y,Y,,,,,,,
Germany,DE,EUR,2,100,stripe,,Y,N,,,,,,,
Greece,GR,EUR,2,100,stripe,,Y,Y,,,,,,,
Hungary,HU,HUF,2,100,stripe,,Y,Y,,,,,,,
Iceland,IS,ISK,0,1,stripe,,Y,Y,,,,,,,
India,IN,INR,2,100,stripe,,Y,Y,,,,,,,
Ireland,IE,EUR,2,100,stripe,,Y,Y,,,,,,,
Italy,IT,EUR,2,100,stripe,,Y,Y,,,,,,,
Japan,JP,JPY,0,1,stripe,,Y,Y,,,,,,,
Latvia,LV,EUR,2,100,stripe,,Y,Y,,,,,,,
Liechtenstein,LI,CHF,2,100,stripe,,N,N,,,,,,,
Lithuania,LT,EUR,2,100,stripe,,Y,N,,,,,,,
Luxembourg,LU,EUR,2,100,stripe,,Y,N,,,,,,,
Malaysia,MY,MYR,2,100,stripe,,Y,Y,,,,,,,
Malta,MT,EUR,2,100,stripe,,Y,Y,,,,,,,
Mexico,MX,MXN,2,100,stripe,,Y,Y,,,,,,,
Netherlands,NL,EUR,2,100,stripe,,Y,Y,,,,,,,
New Zealand,NZ,NZD,2,100,stripe,,Y,Y,,,,,,,
Norway,NO,NOK,2,100,stripe,,Y,Y,,,,,,,
Poland,PL,PLN,2,100,stripe,,Y,Y,,,,,,,
Portugal,PT,EUR,2,100,stripe,,Y,Y,,,,,,,
Romania,RO,RON,2,100,stripe,,Y,Y,,,,,,,
Singapore,SG,SGD,2,100,stripe,,Y,Y,,,,,,,
Slovakia,SK,EUR,2,100,stripe,,Y,Y,,,,,,,
Slovenia,SI,EUR,2,100,stripe,,Y,Y,,,,,,,
Spain,ES,EUR,2,100,stripe,,Y,Y,,,,,,,
Sweden,SE,SEK,2,100,stripe,,Y,Y,,,,,,,
Switzerland,CH,CHF,2,100,stripe,,Y,Y,,,,,,,
Thailand,TH,THB,2,100,stripe,,Y,Y,,,,,,,
United Arab Emirates,AE,AED,2,100,stripe,,Y,Y,,,,,,,
United Kingdom,GB,GBP,2,100,stripe,,Y,Y,,,,,,,
United States,US,USD,2,100,stripe,,Y,Y,,,,,,,
Afghanistan,AF,AFN,2,100,CONFIRM (web) / apple only,No web provider yet; only iOS IAP could reach this market,Y,N,,,,,,,
Albania,AL,ALL,2,100,CONFIRM (web) / apple+google available,"No web provider yet, but both app stores could carry this market once native IAP ships",Y,Y,,,,,,,
Algeria,DZ,DZD,2,100,CONFIRM (web) / apple+google available,"No web provider yet, but both app stores could carry this market once native IAP ships",Y,Y,,,,,,,
Andorra,AD,EUR,2,100,CONFIRM,"No web provider or app store subscription support found, real gap, may not be launchable at all yet",N,N,,,,,,,
Antigua and Barbuda,AG,XCD,2,100,CONFIRM (web) / apple+google available,"No web provider yet, but both app stores could carry this market once native IAP ships",Y,Y,,,,,,,
Argentina,AR,ARS,2,100,CONFIRM (web) / apple+google available,"No web provider yet, but both app stores could carry this market once native IAP ships",Y,Y,,,,,,,
Armenia,AM,AMD,2,100,CONFIRM (web) / apple+google available,"No web provider yet, but both app stores could carry this market once native IAP ships",Y,Y,,,,,,,
Azerbaijan,AZ,AZN,2,100,CONFIRM (web) / apple+google available,"No web provider yet, but both app stores could carry this market once native IAP ships",Y,Y,,,,,,,
Bahamas,BS,BSD,2,100,CONFIRM (web) / apple+google available,"No web provider yet, but both app stores could carry this market once native IAP ships",Y,Y,,,,,,,
Bahrain,BH,BHD,3,1000,CONFIRM (web) / apple+google available,"No web provider yet, but both app stores could carry this market once native IAP ships",Y,Y,,,,,,,
Bangladesh,BD,BDT,2,100,CONFIRM (web) / google only,No web provider yet; only Android IAP could reach this market,N,Y,,,,,,,
Barbados,BB,BBD,2,100,CONFIRM (web) / apple only,No web provider yet; only iOS IAP could reach this market,Y,N,,,,,,,
Belarus,BY,BYN,2,100,CONFIRM (web) / apple+google available,"No web provider yet, but both app stores could carry this market once native IAP ships",Y,Y,,,,,,,
Belize,BZ,BZD,2,100,CONFIRM (web) / apple+google available,"No web provider yet, but both app stores could carry this market once native IAP ships",Y,Y,,,,,,,
Bhutan,BT,BTN,2,100,CONFIRM (web) / apple+google available,"No web provider yet, but both app stores could carry this market once native IAP ships",Y,Y,,,,,,,
Bolivia,BO,BOB,2,100,CONFIRM (web) / apple+google available,"No web provider yet, but both app stores could carry this market once native IAP ships",Y,Y,,,,,,,
Bosnia and Herzegovina,BA,BAM,2,100,CONFIRM (web) / apple only,No web provider yet; only iOS IAP could reach this market,Y,N,,,,,,,
Brunei,BN,BND,2,100,CONFIRM (web) / apple+google available,"No web provider yet, but both app stores could carry this market once native IAP ships",Y,Y,,,,,,,
Burundi,BI,BIF,0,1,CONFIRM (web) / google only,No web provider yet; only Android IAP could reach this market,N,Y,,,,,,,
Cabo Verde,CV,CVE,2,100,CONFIRM (web) / apple only,No web provider yet; only iOS IAP could reach this market,Y,N,,,,,,,
Cambodia,KH,KHR,2,100,CONFIRM (web) / apple+google available,"No web provider yet, but both app stores could carry this market once native IAP ships",Y,Y,,,,,,,
Central African Republic,CF,XAF,0,1,CONFIRM (web) / google only,No web provider yet; only Android IAP could reach this market,N,Y,,,,,,,
Chad,TD,XAF,0,1,CONFIRM (web) / apple only,No web provider yet; only iOS IAP could reach this market,Y,N,,,,,,,
Chile,CL,CLP,0,1,CONFIRM (web) / apple only,No web provider yet; only iOS IAP could reach this market,Y,N,,,,,,,
China,CN,CNY,2,100,CONFIRM (web) / apple+google available,"No web provider yet, but both app stores could carry this market once native IAP ships",Y,Y,,,,,,,
Colombia,CO,COP,2,100,CONFIRM (web) / apple only,No web provider yet; only iOS IAP could reach this market,Y,N,,,,,,,
Comoros,KM,KMF,0,1,CONFIRM,"No web provider or app store subscription support found, real gap, may not be launchable at all yet",N,N,,,,,,,
Costa Rica,CR,CRC,2,100,CONFIRM (web) / apple only,No web provider yet; only iOS IAP could reach this market,Y,N,,,,,,,
Djibouti,DJ,DJF,0,1,CONFIRM,"No web provider or app store subscription support found, real gap, may not be launchable at all yet",N,N,,,,,,,
Dominica,DM,XCD,2,100,CONFIRM (web) / apple+google available,"No web provider yet, but both app stores could carry this market once native IAP ships",Y,Y,,,,,,,
Dominican Republic,DO,DOP,2,100,CONFIRM (web) / apple+google available,"No web provider yet, but both app stores could carry this market once native IAP ships",Y,Y,,,,,,,
Ecuador,EC,USD,2,100,CONFIRM (web) / apple+google available,"No web provider yet, but both app stores could carry this market once native IAP ships",Y,Y,,,,,,,
El Salvador,SV,USD,2,100,CONFIRM (web) / apple only,No web provider yet; only iOS IAP could reach this market,Y,N,,,,,,,
Equatorial Guinea,GQ,XAF,0,1,CONFIRM (web) / google only,No web provider yet; only Android IAP could reach this market,N,Y,,,,,,,
Eritrea,ER,ERN,2,100,CONFIRM (web) / google only,No web provider yet; only Android IAP could reach this market,N,Y,,,,,,,
Fiji,FJ,FJD,2,100,CONFIRM (web) / apple+google available,"No web provider yet, but both app stores could carry this market once native IAP ships",Y,Y,,,,,,,
Georgia,GE,GEL,2,100,CONFIRM (web) / apple only,No web provider yet; only iOS IAP could reach this market,Y,N,,,,,,,
Grenada,GD,XCD,2,100,CONFIRM (web) / apple+google available,"No web provider yet, but both app stores could carry this market once native IAP ships",Y,Y,,,,,,,
Guatemala,GT,GTQ,2,100,CONFIRM (web) / apple+google available,"No web provider yet, but both app stores could carry this market once native IAP ships",Y,Y,,,,,,,
Guinea-Bissau,GW,XOF,0,1,CONFIRM (web) / apple+google available,"No web provider yet, but both app stores could carry this market once native IAP ships",Y,Y,,,,,,,
Guyana,GY,GYD,2,100,CONFIRM (web) / apple+google available,"No web provider yet, but both app stores could carry this market once native IAP ships",Y,Y,,,,,,,
Haiti,HT,HTG,2,100,CONFIRM (web) / google only,No web provider yet; only Android IAP could reach this market,N,Y,,,,,,,
Holy See (Vatican City),VA,EUR,2,100,CONFIRM,"No web provider or app store subscription support found, real gap, may not be launchable at all yet",N,N,,,,,,,
Honduras,HN,HNL,2,100,CONFIRM (web) / apple+google available,"No web provider yet, but both app stores could carry this market once native IAP ships",Y,Y,,,,,,,
Indonesia,ID,IDR,2,100,CONFIRM (web) / apple+google available,"No web provider yet, but both app stores could carry this market once native IAP ships",Y,Y,,,,,,,
Iraq,IQ,IQD,3,1000,CONFIRM (web) / apple only,No web provider yet; only iOS IAP could reach this market,Y,N,,,,,,,
Israel,IL,ILS,2,100,CONFIRM (web) / apple+google available,"No web provider yet, but both app stores could carry this market once native IAP ships",Y,Y,,,,,,,
Jamaica,JM,JMD,2,100,CONFIRM (web) / apple+google available,"No web provider yet, but both app stores could carry this market once native IAP ships",Y,Y,,,,,,,
Jordan,JO,JOD,3,1000,CONFIRM (web) / apple+google available,"No web provider yet, but both app stores could carry this market once native IAP ships",Y,Y,,,,,,,
Kazakhstan,KZ,KZT,2,100,CONFIRM (web) / apple+google available,"No web provider yet, but both app stores could carry this market once native IAP ships",Y,Y,,,,,,,
Kiribati,KI,AUD,2,100,CONFIRM (web) / google only,No web provider yet; only Android IAP could reach this market,N,Y,,,,,,,
Kuwait,KW,KWD,3,1000,CONFIRM (web) / apple+google available,"No web provider yet, but both app stores could carry this market once native IAP ships",Y,Y,,,,,,,
Kyrgyzstan,KG,KGS,2,100,CONFIRM (web) / apple only,No web provider yet; only iOS IAP could reach this market,Y,N,,,,,,,
Laos,LA,LAK,2,100,CONFIRM (web) / apple+google available,"No web provider yet, but both app stores could carry this market once native IAP ships",Y,Y,,,,,,,
Lebanon,LB,LBP,2,100,CONFIRM (web) / apple+google available,"No web provider yet, but both app stores could carry this market once native IAP ships",Y,Y,,,,,,,
Libya,LY,LYD,3,1000,CONFIRM (web) / apple+google available,"No web provider yet, but both app stores could carry this market once native IAP ships",Y,Y,,,,,,,
Maldives,MV,MVR,2,100,CONFIRM (web) / apple+google available,"No web provider yet, but both app stores could carry this market once native IAP ships",Y,Y,,,,,,,
Marshall Islands,MH,USD,2,100,CONFIRM (web) / google only,No web provider yet; only Android IAP could reach this market,N,Y,,,,,,,
Mauritania,MR,MRU,2,100,CONFIRM (web) / apple+google available,"No web provider yet, but both app stores could carry this market once native IAP ships",Y,Y,,,,,,,
Micronesia,FM,USD,2,100,CONFIRM (web) / apple+google available,"No web provider yet, but both app stores could carry this market once native IAP ships",Y,Y,,,,,,,
Moldova,MD,MDL,2,100,CONFIRM (web) / apple+google available,"No web provider yet, but both app stores could carry this market once native IAP ships",Y,Y,,,,,,,
Monaco,MC,EUR,2,100,CONFIRM,"No web provider or app store subscription support found, real gap, may not be launchable at all yet",N,N,,,,,,,
Mongolia,MN,MNT,2,100,CONFIRM (web) / apple+google available,"No web provider yet, but both app stores could carry this market once native IAP ships",Y,Y,,,,,,,
Montenegro,ME,EUR,2,100,CONFIRM (web) / apple only,No web provider yet; only iOS IAP could reach this market,Y,N,,,,,,,
Morocco,MA,MAD,2,100,CONFIRM (web) / apple only,No web provider yet; only iOS IAP could reach this market,Y,N,,,,,,,
Myanmar,MM,MMK,2,100,CONFIRM (web) / apple+google available,"No web provider yet, but both app stores could carry this market once native IAP ships",Y,Y,,,,,,,
Nauru,NR,AUD,2,100,CONFIRM (web) / apple only,No web provider yet; only iOS IAP could reach this market,Y,N,,,,,,,
Nepal,NP,NPR,2,100,CONFIRM (web) / apple only,No web provider yet; only iOS IAP could reach this market,Y,N,,,,,,,
Nicaragua,NI,NIO,2,100,CONFIRM (web) / apple+google available,"No web provider yet, but both app stores could carry this market once native IAP ships",Y,Y,,,,,,,
North Macedonia,MK,MKD,2,100,CONFIRM (web) / apple+google available,"No web provider yet, but both app stores could carry this market once native IAP ships",Y,Y,,,,,,,
Oman,OM,OMR,3,1000,CONFIRM (web) / apple+google available,"No web provider yet, but both app stores could carry this market once native IAP ships",Y,Y,,,,,,,
Pakistan,PK,PKR,2,100,CONFIRM (web) / apple+google available,"No web provider yet, but both app stores could carry this market once native IAP ships",Y,Y,,,,,,,
Palau,PW,USD,2,100,CONFIRM (web) / apple+google available,"No web provider yet, but both app stores could carry this market once native IAP ships",Y,Y,,,,,,,
Palestine,PS,ILS,2,100,CONFIRM (web) / google only,No web provider yet; only Android IAP could reach this market,N,Y,,,,,,,
Panama,PA,PAB,2,100,CONFIRM (web) / apple+google available,"No web provider yet, but both app stores could carry this market once native IAP ships",Y,Y,,,,,,,
Papua New Guinea,PG,PGK,2,100,CONFIRM (web) / apple only,No web provider yet; only iOS IAP could reach this market,Y,N,,,,,,,
Paraguay,PY,PYG,0,1,CONFIRM (web) / apple+google available,"No web provider yet, but both app stores could carry this market once native IAP ships",Y,Y,,,,,,,
Peru,PE,PEN,2,100,CONFIRM (web) / apple+google available,"No web provider yet, but both app stores could carry this market once native IAP ships",Y,Y,,,,,,,
Philippines,PH,PHP,2,100,CONFIRM (web) / apple+google available,"No web provider yet, but both app stores could carry this market once native IAP ships",Y,Y,,,,,,,
Qatar,QA,QAR,2,100,CONFIRM (web) / apple+google available,"No web provider yet, but both app stores could carry this market once native IAP ships",Y,Y,,,,,,,
Russia,RU,RUB,2,100,CONFIRM (web) / apple+google available,"No web provider yet, but both app stores could carry this market once native IAP ships",Y,Y,,,,,,,
Saint Kitts and Nevis,KN,XCD,2,100,CONFIRM (web) / apple+google available,"No web provider yet, but both app stores could carry this market once native IAP ships",Y,Y,,,,,,,
Saint Lucia,LC,XCD,2,100,CONFIRM (web) / apple+google available,"No web provider yet, but both app stores could carry this market once native IAP ships",Y,Y,,,,,,,
Saint Vincent and the Grenadines,VC,XCD,2,100,CONFIRM (web) / apple+google available,"No web provider yet, but both app stores could carry this market once native IAP ships",Y,Y,,,,,,,
Samoa,WS,WST,2,100,CONFIRM,"No web provider or app store subscription support found, real gap, may not be launchable at all yet",N,N,,,,,,,
San Marino,SM,EUR,2,100,CONFIRM,"No web provider or app store subscription support found, real gap, may not be launchable at all yet",N,N,,,,,,,
Sao Tome and Principe,ST,STN,2,100,CONFIRM (web) / apple only,No web provider yet; only iOS IAP could reach this market,Y,N,,,,,,,
Saudi Arabia,SA,SAR,2,100,CONFIRM (web) / apple only,No web provider yet; only iOS IAP could reach this market,Y,N,,,,,,,
Serbia,RS,RSD,2,100,CONFIRM (web) / apple+google available,"No web provider yet, but both app stores could carry this market once native IAP ships",Y,Y,,,,,,,
Solomon Islands,SB,SBD,2,100,CONFIRM (web) / apple only,No web provider yet; only iOS IAP could reach this market,Y,N,,,,,,,
Somalia,SO,SOS,2,100,CONFIRM (web) / google only,No web provider yet; only Android IAP could reach this market,N,Y,,,,,,,
South Korea,KR,KRW,0,1,CONFIRM (web) / apple+google available,"No web provider yet, but both app stores could carry this market once native IAP ships",Y,Y,,,,,,,
South Sudan,SS,SSP,2,100,CONFIRM,"No web provider or app store subscription support found, real gap, may not be launchable at all yet",N,N,,,,,,,
Sri Lanka,LK,LKR,2,100,CONFIRM (web) / apple+google available,"No web provider yet, but both app stores could carry this market once native IAP ships",Y,Y,,,,,,,
Sudan,SD,SDG,2,100,CONFIRM,"No web provider or app store subscription support found, real gap, may not be launchable at all yet",N,N,,,,,,,
Suriname,SR,SRD,2,100,CONFIRM (web) / apple+google available,"No web provider yet, but both app stores could carry this market once native IAP ships",Y,Y,,,,,,,
Syria,SY,SYP,2,100,CONFIRM,"No web provider or app store subscription support found, real gap, may not be launchable at all yet",N,N,,,,,,,
Taiwan,TW,TWD,2,100,CONFIRM (web) / apple+google available,"No web provider yet, but both app stores could carry this market once native IAP ships",Y,Y,,,,,,,
Tajikistan,TJ,TJS,2,100,CONFIRM (web) / apple only,No web provider yet; only iOS IAP could reach this market,Y,N,,,,,,,
Timor-Leste,TL,USD,2,100,CONFIRM,"No web provider or app store subscription support found, real gap, may not be launchable at all yet",N,N,,,,,,,
Tonga,TO,TOP,2,100,CONFIRM (web) / apple only,No web provider yet; only iOS IAP could reach this market,Y,N,,,,,,,
Trinidad and Tobago,TT,TTD,2,100,CONFIRM (web) / apple+google available,"No web provider yet, but both app stores could carry this market once native IAP ships",Y,Y,,,,,,,
Tunisia,TN,TND,3,1000,CONFIRM (web) / apple+google available,"No web provider yet, but both app stores could carry this market once native IAP ships",Y,Y,,,,,,,
Turkey,TR,TRY,2,100,CONFIRM (web) / apple+google available,"No web provider yet, but both app stores could carry this market once native IAP ships",Y,Y,,,,,,,
Turkmenistan,TM,TMT,2,100,CONFIRM (web) / apple+google available,"No web provider yet, but both app stores could carry this market once native IAP ships",Y,Y,,,,,,,
Tuvalu,TV,AUD,2,100,CONFIRM,"No web provider or app store subscription support found, real gap, may not be launchable at all yet",N,N,,,,,,,
Ukraine,UA,UAH,2,100,CONFIRM (web) / apple+google available,"No web provider yet, but both app stores could carry this market once native IAP ships",Y,Y,,,,,,,
Uruguay,UY,UYU,2,100,CONFIRM (web) / apple+google available,"No web provider yet, but both app stores could carry this market once native IAP ships",Y,Y,,,,,,,
Uzbekistan,UZ,UZS,2,100,CONFIRM (web) / apple+google available,"No web provider yet, but both app stores could carry this market once native IAP ships",Y,Y,,,,,,,
Vanuatu,VU,VUV,0,1,CONFIRM (web) / apple+google available,"No web provider yet, but both app stores could carry this market once native IAP ships",Y,Y,,,,,,,
Venezuela,VE,VED,2,100,CONFIRM (web) / apple+google available,"No web provider yet, but both app stores could carry this market once native IAP ships",Y,Y,,,,,,,
Vietnam,VN,VND,0,1,CONFIRM (web) / apple+google available,"No web provider yet, but both app stores could carry this market once native IAP ships",Y,Y,,,,,,,
Yemen,YE,YER,2,100,CONFIRM (web) / apple+google available,"No web provider yet, but both app stores could carry this market once native IAP ships",Y,Y,,,,,,,
